{"cameraMode":{"drawMode":0,"name":"Shaded","section":"Shading Mode"},"sceneLighting":true,"audioPlay":false,"sceneViewState":{"m_AlwaysRefresh":false,"showFog":true,"showSkybox":true,"showFlares":true,"showImageEffects":true,"showParticleSystems":true,"showVisualEffectGraphs":true,"m_FxEnabled":true},"in2DMode":false,"pivot":{"x":-0.007207632064819336,"y":0.8280003070831299,"z":0.0007519423961639404},"rotation":{"x":0.1923377811908722,"y":-0.051189858466386798,"z":0.010044324211776257,"w":0.9799491167068481},"size":0.8660253882408142,"orthographic":false}