{"cameraMode":{"drawMode":0,"name":"Shaded","section":"Shading Mode"},"sceneLighting":true,"audioPlay":false,"sceneViewState":{"m_AlwaysRefresh":false,"showFog":true,"showSkybox":true,"showFlares":true,"showImageEffects":true,"showParticleSystems":true,"showVisualEffectGraphs":true,"m_FxEnabled":true},"in2DMode":false,"pivot":{"x":-0.007207632064819336,"y":0.8400000333786011,"z":-247.1999969482422},"rotation":{"x":0.0012665076646953822,"y":-0.9934148192405701,"z":0.11405417323112488,"w":0.0110342251136899},"size":0.3983692228794098,"orthographic":false}